year,"last_name, first_name",name_abbrev,player_id,pitch_hand,pitch_comp,pitch_a,pitch_name_a,pitch_b,pitch_name_b,n_pitches,n_pitch_a,pitch_a_active_spin_formatted,pitch_a_hawkeye_measured_clock,pitch_a_hawkeye_measured_clock_label,pitch_a_movement_inferred_clock,pitch_a_movement_inferred_clock_label,pitch_a_diff_measured_inferred_minutes,n_pitch_b,pitch_b_active_spin_formatted,pitch_b_hawkeye_measured_clock,pitch_b_hawkeye_measured_clock_label,pitch_b_movement_inferred_clock,pitch_b_movement_inferred_clock_label,pitch_b_diff_measured_inferred_minutes,gap_diff_measured_inferred_minutes,diff_clock_label,diff_measured_hours,diff_inferred_hours
2024,"Ross, Joe",,605452,R,4-Seamer / Sinker,FF,4-Seamer,SI,Sinker,320,109,86,1.0,1:00,12.75,12:45,15,211,79,1.0,1:00,2.0,2:00,-60,-75, 0H 00M,0.0,-1.25
2024,"Winn, Cole",,668390,R,4-Seamer / Sinker,FF,4-Seamer,SI,Sinker,100,85,94,1.0,1:00,12.75,12:45,15,15,92,1.0,1:00,1.75,1:45,-45,-60, 0H 00M,0.0,-1.0
2024,"Rea, Colin",,607067,R,4-Seamer / Sinker,FF,4-Seamer,SI,Sinker,366,139,81,1.0,1:00,1.0,1:00,0,227,79,1.0,1:00,2.0,2:00,-60,-60, 0H 00M,0.0,-1.0
2024,"Adon, Joan",,672851,R,4-Seamer / Sinker,FF,4-Seamer,SI,Sinker,44,30,90,1.0,1:00,1.25,1:15,-15,14,87,1.0,1:00,1.75,1:45,-45,-30, 0H 00M,0.0,-0.5
2024,"Lugo, Seth",,607625,R,4-Seamer / Sinker,FF,4-Seamer,SI,Sinker,424,221,84,1.0,1:00,12.75,12:45,15,203,80,1.0,1:00,2.0,2:00,-60,-75, 0H 00M,0.0,-1.25
2024,"Faedo, Alex",,656412,R,4-Seamer / Sinker,FF,4-Seamer,SI,Sinker,148,128,90,1.25,1:15,1.0,1:00,15,20,87,1.0,1:00,2.0,2:00,-60,-75,+0H 15M,0.25,-1.0
2024,"Ruiz, José",,614179,R,4-Seamer / Sinker,FF,4-Seamer,SI,Sinker,56,31,94,1.0,1:00,12.75,12:45,15,25,94,1.0,1:00,1.75,1:45,-45,-60, 0H 00M,0.0,-1.0
2024,"Lynn, Lance",,458681,R,4-Seamer / Sinker,FF,4-Seamer,SI,Sinker,468,304,74,1.0,1:00,12.75,12:45,15,164,69,1.0,1:00,2.0,2:00,-60,-75, 0H 00M,0.0,-1.25
2024,"Avila, Nick",,687014,R,4-Seamer / Sinker,FF,4-Seamer,SI,Sinker,90,63,86,1.0,1:00,12.5,12:30,30,27,86,1.0,1:00,1.75,1:45,-45,-75, 0H 00M,0.0,-1.25
2024,"Gallen, Zac",,668678,R,4-Seamer / Sinker,FF,4-Seamer,SI,Sinker,411,401,84,12.75,12:45,12.5,12:30,15,10,90,1.0,1:00,1.0,1:00,0,-15,-0H 15M,-0.25,-0.5
2024,"Manoah, Alek",,666201,R,4-Seamer / Sinker,FF,4-Seamer,SI,Sinker,154,75,83,1.0,1:00,12.75,12:45,15,79,81,1.0,1:00,1.75,1:45,-45,-60, 0H 00M,0.0,-1.0
2024,"Poteet, Cody",,547001,R,4-Seamer / Sinker,FF,4-Seamer,SI,Sinker,43,14,77,1.0,1:00,12.75,12:45,15,29,71,1.0,1:00,2.25,2:15,-75,-90, 0H 00M,0.0,-1.5
2024,"Selby, Colin",,681882,R,4-Seamer / Sinker,FF,4-Seamer,SI,Sinker,32,22,94,12.75,12:45,12.75,12:45,0,10,91,1.0,1:00,1.75,1:45,-45,-45,-0H 15M,-0.25,-1.0
2024,"Kremer, Dean",,665152,R,4-Seamer / Sinker,FF,4-Seamer,SI,Sinker,386,283,97,1.0,1:00,12.75,12:45,15,103,90,1.0,1:00,2.0,2:00,-60,-75, 0H 00M,0.0,-1.25
2024,"Jax, Griffin",,643377,R,4-Seamer / Sinker,FF,4-Seamer,SI,Sinker,110,74,83,1.0,1:00,12.75,12:45,15,36,81,1.0,1:00,2.0,2:00,-60,-75, 0H 00M,0.0,-1.25
2024,"Junk, Janson",,676083,R,4-Seamer / Sinker,FF,4-Seamer,SI,Sinker,64,50,90,12.5,12:30,12.5,12:30,0,14,91,1.0,1:00,1.75,1:45,-45,-45,-0H 30M,-0.5,-1.25
2024,"Jackson, Jay",,543351,R,4-Seamer / Sinker,FF,4-Seamer,SI,Sinker,112,98,95,1.25,1:15,1.25,1:15,0,14,85,1.0,1:00,2.0,2:00,-60,-60,+0H 15M,0.25,-0.75
2024,"Gibson, Kyle",,502043,R,4-Seamer / Sinker,FF,4-Seamer,SI,Sinker,344,113,85,1.0,1:00,12.5,12:30,30,231,83,1.0,1:00,2.25,2:15,-75,-105, 0H 00M,0.0,-1.75
2024,"Nelson, Nick",,656793,R,4-Seamer / Sinker,FF,4-Seamer,SI,Sinker,29,11,92,1.0,1:00,12.75,12:45,15,18,85,1.0,1:00,2.0,2:00,-60,-75, 0H 00M,0.0,-1.25
2024,"Civale, Aaron",,650644,R,4-Seamer / Sinker,FF,4-Seamer,SI,Sinker,289,117,88,12.75,12:45,12.5,12:30,15,172,87,1.0,1:00,1.5,1:30,-30,-45,-0H 15M,-0.25,-1.0
2024,"Miller, Bobby",,676272,R,4-Seamer / Sinker,FF,4-Seamer,SI,Sinker,114,99,98,1.0,1:00,12.75,12:45,15,15,98,1.0,1:00,1.5,1:30,-30,-45, 0H 00M,0.0,-0.75
2024,"Wilson, Bryse",,669060,R,4-Seamer / Sinker,FF,4-Seamer,SI,Sinker,277,94,88,1.0,1:00,12.5,12:30,30,183,85,1.0,1:00,2.0,2:00,-60,-90, 0H 00M,0.0,-1.5
2024,"Assad, Javier",,665871,R,4-Seamer / Sinker,FF,4-Seamer,SI,Sinker,417,182,91,1.0,1:00,12.75,12:45,15,235,90,1.0,1:00,2.0,2:00,-60,-75, 0H 00M,0.0,-1.25
2024,"Payamps, Joel",,606303,R,4-Seamer / Sinker,FF,4-Seamer,SI,Sinker,132,74,81,1.0,1:00,1.0,1:00,0,58,79,1.0,1:00,2.0,2:00,-60,-60, 0H 00M,0.0,-1.0
2024,"Buttó, José",,676130,R,4-Seamer / Sinker,FF,4-Seamer,SI,Sinker,363,215,82,1.0,1:00,12.75,12:45,15,148,86,1.0,1:00,2.0,2:00,-60,-75, 0H 00M,0.0,-1.25
2024,"García, Luis",,472610,R,4-Seamer / Sinker,FF,4-Seamer,SI,Sinker,186,33,80,1.0,1:00,12.75,12:45,15,153,88,1.0,1:00,1.75,1:45,-45,-60, 0H 00M,0.0,-1.0
2024,"López, Pablo",,641154,R,4-Seamer / Sinker,FF,4-Seamer,SI,Sinker,424,359,78,1.0,1:00,12.75,12:45,15,65,80,1.0,1:00,2.0,2:00,-60,-75, 0H 00M,0.0,-1.25
2024,"Feltner, Ryan",,663372,R,4-Seamer / Sinker,FF,4-Seamer,SI,Sinker,366,285,80,1.0,1:00,12.75,12:45,15,81,76,1.0,1:00,2.0,2:00,-60,-75, 0H 00M,0.0,-1.25
2024,"Littell, Zack",,641793,R,4-Seamer / Sinker,FF,4-Seamer,SI,Sinker,319,182,96,1.0,1:00,12.75,12:45,15,137,94,1.0,1:00,1.75,1:45,-45,-60, 0H 00M,0.0,-1.0
2024,"Silseth, Chase",,681217,R,4-Seamer / Sinker,FF,4-Seamer,SI,Sinker,85,70,78,1.0,1:00,1.0,1:00,0,15,77,1.0,1:00,2.25,2:15,-75,-75, 0H 00M,0.0,-1.25
2024,"Leone, Dominic",,608678,R,4-Seamer / Sinker,FF,4-Seamer,SI,Sinker,84,70,86,1.0,1:00,12.75,12:45,15,14,85,1.0,1:00,2.0,2:00,-60,-75, 0H 00M,0.0,-1.25
2024,"Neris, Héctor",,593576,R,4-Seamer / Sinker,FF,4-Seamer,SI,Sinker,180,139,89,1.25,1:15,1.0,1:00,15,41,90,1.0,1:00,1.75,1:45,-45,-60,+0H 15M,0.25,-0.75
2024,"Varland, Louie",,686973,R,4-Seamer / Sinker,FF,4-Seamer,SI,Sinker,144,132,92,1.0,1:00,1.0,1:00,0,12,90,1.0,1:00,1.75,1:45,-45,-45, 0H 00M,0.0,-0.75
2024,"Severino, Luis",,622663,R,4-Seamer / Sinker,FF,4-Seamer,SI,Sinker,484,349,91,1.0,1:00,12.75,12:45,15,135,91,1.0,1:00,1.75,1:45,-45,-60, 0H 00M,0.0,-1.0
2024,"Wacha, Michael",,608379,R,4-Seamer / Sinker,FF,4-Seamer,SI,Sinker,360,224,99,12.75,12:45,12.75,12:45,0,136,98,1.0,1:00,1.5,1:30,-30,-30,-0H 15M,-0.25,-0.75
2024,"Mikolas, Miles",,571945,R,4-Seamer / Sinker,FF,4-Seamer,SI,Sinker,398,201,87,1.0,1:00,12.75,12:45,15,197,84,1.0,1:00,1.75,1:45,-45,-60, 0H 00M,0.0,-1.0
2024,"Anderson, Nick",,623433,R,4-Seamer / Sinker,FF,4-Seamer,SI,Sinker,136,49,92,12.75,12:45,12.5,12:30,15,87,93,1.0,1:00,1.25,1:15,-15,-30,-0H 15M,-0.25,-0.75
2024,"Lambert, Peter",,663567,R,4-Seamer / Sinker,FF,4-Seamer,SI,Sinker,177,156,98,1.0,1:00,12.75,12:45,15,21,91,1.0,1:00,1.75,1:45,-45,-60, 0H 00M,0.0,-1.0
2024,"Suarez, Robert",,663158,R,4-Seamer / Sinker,FF,4-Seamer,SI,Sinker,224,200,96,1.0,1:00,12.75,12:45,15,24,96,1.0,1:00,1.5,1:30,-30,-45, 0H 00M,0.0,-0.75
2024,"McGough, Scott",,543518,R,4-Seamer / Sinker,FF,4-Seamer,SI,Sinker,142,126,97,1.0,1:00,12.75,12:45,15,16,98,1.0,1:00,1.5,1:30,-30,-45, 0H 00M,0.0,-0.75
2024,"Alzolay, Adbert",,640470,R,4-Seamer / Sinker,FF,4-Seamer,SI,Sinker,143,67,95,1.25,1:15,1.0,1:00,15,76,94,1.0,1:00,1.75,1:45,-45,-60,+0H 15M,0.25,-0.75
2024,"Bazardo, Eduard",,660825,R,4-Seamer / Sinker,FF,4-Seamer,SI,Sinker,50,29,86,1.0,1:00,12.5,12:30,30,21,85,1.0,1:00,2.0,2:00,-60,-90, 0H 00M,0.0,-1.5
2024,"Montas, Frankie",,593423,R,4-Seamer / Sinker,FF,4-Seamer,SI,Sinker,322,220,82,1.0,1:00,12.75,12:45,15,102,78,1.0,1:00,2.25,2:15,-75,-90, 0H 00M,0.0,-1.5
2024,"Hendricks, Kyle",,543294,R,4-Seamer / Sinker,FF,4-Seamer,SI,Sinker,264,82,89,1.25,1:15,1.0,1:00,15,182,83,1.0,1:00,2.25,2:15,-75,-90,+0H 15M,0.25,-1.25
2024,"Vásquez, Randy",,681190,R,4-Seamer / Sinker,FF,4-Seamer,SI,Sinker,204,147,90,1.25,1:15,1.0,1:00,15,57,89,1.0,1:00,1.75,1:45,-45,-60,+0H 15M,0.25,-0.75
2024,"Stripling, Ross",,548389,R,4-Seamer / Sinker,FF,4-Seamer,SI,Sinker,401,257,89,12.75,12:45,12.5,12:30,15,144,85,1.0,1:00,1.75,1:45,-45,-60,-0H 15M,-0.25,-1.25
2024,"Buehler, Walker",,621111,R,4-Seamer / Sinker,FF,4-Seamer,SI,Sinker,103,74,91,12.75,12:45,12.5,12:30,15,29,88,1.0,1:00,1.75,1:45,-45,-60,-0H 15M,-0.25,-1.25
2024,"Wesneski, Hayden",,669713,R,4-Seamer / Sinker,FF,4-Seamer,SI,Sinker,197,141,81,12.75,12:45,12.75,12:45,0,56,83,1.0,1:00,2.0,2:00,-60,-60,-0H 15M,-0.25,-1.25
2024,"Stratton, Hunter",,676702,R,4-Seamer / Sinker,FF,4-Seamer,SI,Sinker,131,115,78,12.75,12:45,12.25,12:15,30,16,85,1.0,1:00,1.0,1:00,0,-30,-0H 15M,-0.25,-0.75
2024,"Bowlan, Jonathan",,680742,R,4-Seamer / Sinker,FF,4-Seamer,SI,Sinker,43,30,96,1.0,1:00,12.75,12:45,15,13,93,1.0,1:00,1.5,1:30,-30,-45, 0H 00M,0.0,-0.75
2024,"Rodríguez, Manuel",,655889,R,4-Seamer / Sinker,FF,4-Seamer,SI,Sinker,85,35,82,12.75,12:45,12.5,12:30,15,50,87,1.0,1:00,2.0,2:00,-60,-75,-0H 15M,-0.25,-1.5
2024,"Rodríguez, Yariel",,684320,R,4-Seamer / Sinker,FF,4-Seamer,SI,Sinker,147,121,69,12.75,12:45,12.25,12:15,30,26,76,1.0,1:00,2.0,2:00,-60,-90,-0H 15M,-0.25,-1.75
2024,"Yamamoto, Yoshinobu",,808967,R,4-Seamer / Sinker,FF,4-Seamer,SI,Sinker,332,306,93,1.25,1:15,1.0,1:00,15,26,90,1.0,1:00,1.75,1:45,-45,-60,+0H 15M,0.25,-0.75
2024,"Domínguez, Seranthony",,622554,R,4-Seamer / Sinker,FF,4-Seamer,SI,Sinker,212,147,77,1.0,1:00,12.75,12:45,15,65,78,1.0,1:00,2.0,2:00,-60,-75, 0H 00M,0.0,-1.25
2024,"Lange, Alex",,656638,R,4-Seamer / Sinker,FF,4-Seamer,SI,Sinker,118,46,89,1.25,1:15,1.25,1:15,0,72,86,1.25,1:15,2.0,2:00,-45,-45, 0H 00M,0.0,-0.75
2024,"Lively, Ben",,594902,R,4-Seamer / Sinker,FF,4-Seamer,SI,Sinker,349,168,96,1.0,1:00,1.0,1:00,0,181,94,1.25,1:15,1.75,1:45,-30,-30,-0H 15M,-0.25,-0.75
2024,"Irvin, Jake",,663623,R,4-Seamer / Sinker,FF,4-Seamer,SI,Sinker,431,290,87,1.25,1:15,1.25,1:15,0,141,83,1.25,1:15,2.25,2:15,-60,-60, 0H 00M,0.0,-1.0
2024,"Sauer, Matt",,669422,R,4-Seamer / Sinker,FF,4-Seamer,SI,Sinker,177,148,94,1.0,1:00,12.75,12:45,15,29,96,1.25,1:15,1.75,1:45,-30,-45,-0H 15M,-0.25,-1.0
2024,"Darvish, Yu",,506433,R,4-Seamer / Sinker,FF,4-Seamer,SI,Sinker,237,149,90,1.0,1:00,1.0,1:00,0,88,89,1.25,1:15,2.0,2:00,-45,-45,-0H 15M,-0.25,-1.0
2024,"Stone, Gavin",,694813,R,4-Seamer / Sinker,FF,4-Seamer,SI,Sinker,320,159,95,1.25,1:15,1.0,1:00,15,161,97,1.25,1:15,1.75,1:45,-30,-45, 0H 00M,0.0,-0.75
2024,"Gray, Josiah",,680686,R,4-Seamer / Sinker,FF,4-Seamer,SI,Sinker,56,39,99,1.25,1:15,1.25,1:15,0,17,98,1.25,1:15,2.0,2:00,-45,-45, 0H 00M,0.0,-0.75
2024,"Winn, Keaton",,676775,R,4-Seamer / Sinker,FF,4-Seamer,SI,Sinker,298,165,92,1.5,1:30,1.25,1:15,15,133,83,1.25,1:15,2.25,2:15,-60,-75,+0H 15M,0.25,-1.0
2024,"Maeda, Kenta",,628317,R,4-Seamer / Sinker,FF,4-Seamer,SI,Sinker,153,137,85,1.25,1:15,1.0,1:00,15,16,80,1.25,1:15,2.0,2:00,-45,-60, 0H 00M,0.0,-1.0
2024,"Parsons, Wes",,641149,R,4-Seamer / Sinker,FF,4-Seamer,SI,Sinker,78,55,86,1.25,1:15,1.0,1:00,15,23,86,1.25,1:15,2.0,2:00,-45,-60, 0H 00M,0.0,-1.0
2024,"Singer, Brady",,663903,R,4-Seamer / Sinker,FF,4-Seamer,SI,Sinker,494,112,82,1.0,1:00,1.0,1:00,0,382,82,1.25,1:15,2.0,2:00,-45,-45,-0H 15M,-0.25,-1.0
2024,"Miller, Bryce",,682243,R,4-Seamer / Sinker,FF,4-Seamer,SI,Sinker,518,357,88,1.0,1:00,12.75,12:45,15,161,86,1.25,1:15,2.0,2:00,-45,-60,-0H 15M,-0.25,-1.25
2024,"Martin, Chris",,455119,R,4-Seamer / Sinker,FF,4-Seamer,SI,Sinker,107,82,96,1.25,1:15,1.25,1:15,0,25,87,1.25,1:15,2.0,2:00,-45,-45, 0H 00M,0.0,-0.75
2024,"Dunning, Dane",,641540,R,4-Seamer / Sinker,FF,4-Seamer,SI,Sinker,227,12,80,1.0,1:00,1.0,1:00,0,215,82,1.25,1:15,2.25,2:15,-60,-60,-0H 15M,-0.25,-1.25
2024,"Kirby, George",,669923,R,4-Seamer / Sinker,FF,4-Seamer,SI,Sinker,539,344,94,1.25,1:15,1.0,1:00,15,195,90,1.25,1:15,2.0,2:00,-45,-60, 0H 00M,0.0,-1.0
2024,"Hamilton, Ian",,641656,R,4-Seamer / Sinker,FF,4-Seamer,SI,Sinker,166,65,93,1.25,1:15,1.25,1:15,0,101,86,1.25,1:15,2.25,2:15,-60,-60, 0H 00M,0.0,-1.0
2024,"Hoffman, Jeff",,656546,R,4-Seamer / Sinker,FF,4-Seamer,SI,Sinker,149,124,98,1.25,1:15,1.25,1:15,0,25,97,1.25,1:15,1.5,1:30,-15,-15, 0H 00M,0.0,-0.25
2024,"Alcala, Jorge",,660896,R,4-Seamer / Sinker,FF,4-Seamer,SI,Sinker,69,59,96,1.0,1:00,1.0,1:00,0,10,96,1.25,1:15,2.0,2:00,-45,-45,-0H 15M,-0.25,-1.0
2024,"Ginkel, Kevin",,656464,R,4-Seamer / Sinker,FF,4-Seamer,SI,Sinker,198,160,88,1.25,1:15,1.25,1:15,0,38,91,1.25,1:15,2.0,2:00,-45,-45, 0H 00M,0.0,-0.75
2024,"King, Michael",,650633,R,4-Seamer / Sinker,FF,4-Seamer,SI,Sinker,432,243,79,1.0,1:00,12.75,12:45,15,189,71,1.25,1:15,2.5,2:30,-75,-90,-0H 15M,-0.25,-1.75
2024,"Keller, Mitch",,656605,R,4-Seamer / Sinker,FF,4-Seamer,SI,Sinker,525,317,84,1.25,1:15,1.25,1:15,0,208,78,1.25,1:15,2.25,2:15,-60,-60, 0H 00M,0.0,-1.0
2024,"Garrett, Reed",,657585,R,4-Seamer / Sinker,FF,4-Seamer,SI,Sinker,105,78,90,1.25,1:15,1.0,1:00,15,27,87,1.25,1:15,2.0,2:00,-45,-60, 0H 00M,0.0,-1.0
2024,"Brasier, Ryan",,518489,R,4-Seamer / Sinker,FF,4-Seamer,SI,Sinker,75,40,92,1.25,1:15,1.0,1:00,15,35,94,1.25,1:15,1.75,1:45,-30,-45, 0H 00M,0.0,-0.75
2024,"Barlow, Scott",,605130,R,4-Seamer / Sinker,FF,4-Seamer,SI,Sinker,114,75,71,1.25,1:15,12.75,12:45,30,39,73,1.25,1:15,2.5,2:30,-75,-105, 0H 00M,0.0,-1.75
2024,"Marte, Yunior",,628708,R,4-Seamer / Sinker,FF,4-Seamer,SI,Sinker,105,20,93,1.25,1:15,1.25,1:15,0,85,93,1.25,1:15,2.0,2:00,-45,-45, 0H 00M,0.0,-0.75
2024,"Bassitt, Chris",,605135,R,4-Seamer / Sinker,FF,4-Seamer,SI,Sinker,389,41,82,1.25,1:15,1.0,1:00,15,348,88,1.25,1:15,2.25,2:15,-60,-75, 0H 00M,0.0,-1.25
2024,"Hudson, Daniel",,543339,R,4-Seamer / Sinker,FF,4-Seamer,SI,Sinker,174,160,86,1.25,1:15,1.0,1:00,15,14,86,1.25,1:15,2.0,2:00,-45,-60, 0H 00M,0.0,-1.0
2024,"Gausman, Kevin",,592332,R,4-Seamer / Sinker,FF,4-Seamer,SI,Sinker,414,372,97,1.25,1:15,1.0,1:00,15,42,98,1.25,1:15,1.75,1:45,-30,-45, 0H 00M,0.0,-0.75
2024,"Andriese, Matt",,542882,R,4-Seamer / Sinker,FF,4-Seamer,SI,Sinker,41,27,74,1.0,1:00,12.5,12:30,30,14,69,1.25,1:15,2.25,2:15,-60,-90,-0H 15M,-0.25,-1.75
2024,"Kelly, Merrill",,518876,R,4-Seamer / Sinker,FF,4-Seamer,SI,Sinker,119,79,81,1.5,1:30,1.0,1:00,30,40,80,1.25,1:15,2.25,2:15,-60,-90,+0H 15M,0.25,-1.25
2024,"Kolek, Stephen",,663568,R,4-Seamer / Sinker,FF,4-Seamer,SI,Sinker,167,21,74,1.25,1:15,12.75,12:45,30,146,69,1.25,1:15,2.5,2:30,-75,-105, 0H 00M,0.0,-1.75
2024,"Bielak, Brandon",,656232,R,4-Seamer / Sinker,FF,4-Seamer,SI,Sinker,132,51,74,1.0,1:00,12.75,12:45,15,81,70,1.25,1:15,2.5,2:30,-75,-90,-0H 15M,-0.25,-1.75
2024,"Pfaadt, Brandon",,694297,R,4-Seamer / Sinker,FF,4-Seamer,SI,Sinker,433,279,69,1.0,1:00,12.75,12:45,15,154,75,1.25,1:15,2.25,2:15,-60,-75,-0H 15M,-0.25,-1.5
2024,"Stratton, Chris",,608717,R,4-Seamer / Sinker,FF,4-Seamer,SI,Sinker,160,111,80,1.25,1:15,12.75,12:45,30,49,79,1.25,1:15,2.25,2:15,-60,-90, 0H 00M,0.0,-1.5
2024,"Stroman, Marcus",,573186,R,4-Seamer / Sinker,FF,4-Seamer,SI,Sinker,397,35,65,1.25,1:15,1.25,1:15,0,362,59,1.25,1:15,2.75,2:45,-90,-90, 0H 00M,0.0,-1.5
2024,"Soroka, Michael",,647336,R,4-Seamer / Sinker,FF,4-Seamer,SI,Sinker,445,206,81,1.25,1:15,1.0,1:00,15,239,82,1.25,1:15,2.25,2:15,-60,-75, 0H 00M,0.0,-1.25
2024,"Montero, Rafael",,606160,R,4-Seamer / Sinker,FF,4-Seamer,SI,Sinker,230,160,90,1.5,1:30,1.25,1:15,15,70,86,1.25,1:15,2.25,2:15,-60,-75,+0H 15M,0.25,-1.0
2024,"Walker, Taijuan",,592836,R,4-Seamer / Sinker,FF,4-Seamer,SI,Sinker,143,64,98,1.25,1:15,1.0,1:00,15,79,97,1.25,1:15,1.75,1:45,-30,-45, 0H 00M,0.0,-0.75
2024,"Carrasco, Carlos",,471911,R,4-Seamer / Sinker,FF,4-Seamer,SI,Sinker,315,168,72,1.25,1:15,12.75,12:45,30,147,71,1.25,1:15,2.5,2:30,-75,-105, 0H 00M,0.0,-1.75
2024,"Canning, Griffin",,656288,R,4-Seamer / Sinker,FF,4-Seamer,SI,Sinker,291,255,96,1.0,1:00,1.0,1:00,0,36,96,1.25,1:15,1.5,1:30,-15,-15,-0H 15M,-0.25,-0.5
2024,"Anderson, Justin",,605121,R,4-Seamer / Sinker,FF,4-Seamer,SI,Sinker,30,15,96,1.25,1:15,1.0,1:00,15,15,92,1.25,1:15,2.0,2:00,-45,-60, 0H 00M,0.0,-1.0
2024,"Martinez, Justin",,679885,R,4-Seamer / Sinker,FF,4-Seamer,SI,Sinker,123,49,89,1.5,1:30,1.25,1:15,15,74,86,1.25,1:15,2.25,2:15,-60,-75,+0H 15M,0.25,-1.0
2024,"Armstrong, Shawn",,542888,R,4-Seamer / Sinker,FF,4-Seamer,SI,Sinker,211,109,84,1.0,1:00,12.75,12:45,15,102,88,1.25,1:15,2.0,2:00,-45,-60,-0H 15M,-0.25,-1.25
2024,"Kittredge, Andrew",,552640,R,4-Seamer / Sinker,FF,4-Seamer,SI,Sinker,130,32,69,12.75,12:45,12.25,12:15,30,98,82,1.25,1:15,2.25,2:15,-60,-90,-0H 30M,-0.5,-2.0
2024,"McCaughan, Darren",,670766,R,4-Seamer / Sinker,FF,4-Seamer,SI,Sinker,51,19,81,1.25,1:15,1.25,1:15,0,32,85,1.25,1:15,2.25,2:15,-60,-60, 0H 00M,0.0,-1.0
2024,"Stephens, Jackson",,623451,R,4-Seamer / Sinker,FF,4-Seamer,SI,Sinker,27,14,79,1.0,1:00,12.75,12:45,15,13,81,1.25,1:15,2.25,2:15,-60,-75,-0H 15M,-0.25,-1.5
2024,"Lorenzen, Michael",,547179,R,4-Seamer / Sinker,FF,4-Seamer,SI,Sinker,320,174,95,1.25,1:15,1.25,1:15,0,146,92,1.25,1:15,2.0,2:00,-45,-45, 0H 00M,0.0,-0.75
2024,"Turnbull, Spencer",,605513,R,4-Seamer / Sinker,FF,4-Seamer,SI,Sinker,314,240,53,12.75,12:45,12.0,12:00,45,74,72,1.25,1:15,2.25,2:15,-60,-105,-0H 30M,-0.5,-2.25
2024,"Zuñiga, Guillermo",,670871,R,4-Seamer / Sinker,FF,4-Seamer,SI,Sinker,59,39,82,1.5,1:30,1.25,1:15,15,20,83,1.25,1:15,2.25,2:15,-60,-75,+0H 15M,0.25,-1.0
2024,"Ryan, Joe",,657746,R,4-Seamer / Sinker,FF,4-Seamer,SI,Sinker,349,333,96,1.5,1:30,1.5,1:30,0,16,96,1.5,1:30,2.25,2:15,-45,-45, 0H 00M,0.0,-0.75
2024,"Woo, Bryan",,693433,R,4-Seamer / Sinker,FF,4-Seamer,SI,Sinker,105,71,91,1.5,1:30,1.25,1:15,15,34,86,1.5,1:30,2.5,2:30,-60,-75, 0H 00M,0.0,-1.25
2024,"Vest, Will",,676684,R,4-Seamer / Sinker,FF,4-Seamer,SI,Sinker,197,144,95,1.25,1:15,1.0,1:00,15,53,89,1.5,1:30,2.25,2:15,-45,-60,-0H 15M,-0.25,-1.25
2024,"Nola, Aaron",,605400,R,4-Seamer / Sinker,FF,4-Seamer,SI,Sinker,450,244,93,1.5,1:30,1.25,1:15,15,206,91,1.5,1:30,2.25,2:15,-45,-60, 0H 00M,0.0,-1.0
2024,"Marsh, Alec",,679525,R,4-Seamer / Sinker,FF,4-Seamer,SI,Sinker,282,209,81,1.25,1:15,1.0,1:00,15,73,82,1.5,1:30,2.25,2:15,-45,-60,-0H 15M,-0.25,-1.25
2024,"Eflin, Zach",,621107,R,4-Seamer / Sinker,FF,4-Seamer,SI,Sinker,303,64,79,1.5,1:30,1.0,1:00,30,239,72,1.5,1:30,2.5,2:30,-60,-90, 0H 00M,0.0,-1.5
2024,"Floro, Dylan",,571670,R,4-Seamer / Sinker,FF,4-Seamer,SI,Sinker,234,71,85,1.5,1:30,1.25,1:15,15,163,86,1.5,1:30,2.25,2:15,-45,-60, 0H 00M,0.0,-1.0
2024,"Brito, Jhony",,666745,R,4-Seamer / Sinker,FF,4-Seamer,SI,Sinker,160,93,96,1.5,1:30,1.5,1:30,0,67,96,1.5,1:30,2.0,2:00,-30,-30, 0H 00M,0.0,-0.5
2024,"Erceg, Lucas",,668674,R,4-Seamer / Sinker,FF,4-Seamer,SI,Sinker,145,88,97,1.25,1:15,1.25,1:15,0,57,98,1.5,1:30,2.0,2:00,-30,-30,-0H 15M,-0.25,-0.75
2024,"Olson, Reese",,681857,R,4-Seamer / Sinker,FF,4-Seamer,SI,Sinker,346,207,86,1.5,1:30,1.25,1:15,15,139,89,1.5,1:30,2.25,2:15,-45,-60, 0H 00M,0.0,-1.0
2024,"Brooks, Aaron",,605156,R,4-Seamer / Sinker,FF,4-Seamer,SI,Sinker,36,21,96,1.5,1:30,1.5,1:30,0,15,94,1.5,1:30,2.25,2:15,-45,-45, 0H 00M,0.0,-0.75
2024,"Winans, Allan",,642216,R,4-Seamer / Sinker,FF,4-Seamer,SI,Sinker,32,12,87,1.5,1:30,1.25,1:15,15,20,84,1.5,1:30,2.5,2:30,-60,-75, 0H 00M,0.0,-1.25
2024,"Hicks, Jordan",,663855,R,4-Seamer / Sinker,FF,4-Seamer,SI,Sinker,472,44,93,1.5,1:30,1.25,1:15,15,428,86,1.5,1:30,2.5,2:30,-60,-75, 0H 00M,0.0,-1.25
2024,"López, Jorge",,605347,R,4-Seamer / Sinker,FF,4-Seamer,SI,Sinker,213,68,98,1.5,1:30,1.5,1:30,0,145,97,1.5,1:30,2.25,2:15,-45,-45, 0H 00M,0.0,-0.75
2024,"Ureña, José",,570632,R,4-Seamer / Sinker,FF,4-Seamer,SI,Sinker,248,48,94,1.5,1:30,1.5,1:30,0,200,92,1.5,1:30,2.25,2:15,-45,-45, 0H 00M,0.0,-0.75
2024,"Teng, Kai-Wei",,678906,R,4-Seamer / Sinker,FF,4-Seamer,SI,Sinker,99,12,70,1.5,1:30,1.25,1:15,15,87,69,1.5,1:30,2.75,2:45,-75,-90, 0H 00M,0.0,-1.5
2024,"Waldron, Matt",,663362,R,4-Seamer / Sinker,FF,4-Seamer,SI,Sinker,308,185,89,1.5,1:30,1.25,1:15,15,123,86,1.5,1:30,2.25,2:15,-45,-60, 0H 00M,0.0,-1.0
2024,"Bido, Osvaldo",,674370,R,4-Seamer / Sinker,FF,4-Seamer,SI,Sinker,33,23,93,1.25,1:15,1.25,1:15,0,10,94,1.5,1:30,2.0,2:00,-30,-30,-0H 15M,-0.25,-0.75
2024,"Duffey, Tyler",,608648,R,4-Seamer / Sinker,FF,4-Seamer,SI,Sinker,84,53,72,1.25,1:15,1.0,1:00,15,31,81,1.5,1:30,2.5,2:30,-60,-75,-0H 15M,-0.25,-1.5
2024,"García, Yimi",,554340,R,4-Seamer / Sinker,FF,4-Seamer,SI,Sinker,131,77,82,1.5,1:30,1.25,1:15,15,54,84,1.5,1:30,2.5,2:30,-60,-75, 0H 00M,0.0,-1.25
2024,"Wheeler, Zack",,554430,R,4-Seamer / Sinker,FF,4-Seamer,SI,Sinker,596,416,85,1.5,1:30,1.25,1:15,15,180,86,1.5,1:30,2.5,2:30,-60,-75, 0H 00M,0.0,-1.25
2024,"Ottavino, Adam",,493603,R,4-Seamer / Sinker,FF,4-Seamer,SI,Sinker,124,12,80,1.25,1:15,1.0,1:00,15,112,79,1.5,1:30,2.5,2:30,-60,-75,-0H 15M,-0.25,-1.5
2024,"Houser, Adrian",,605288,R,4-Seamer / Sinker,FF,4-Seamer,SI,Sinker,353,85,93,1.25,1:15,1.0,1:00,15,268,90,1.5,1:30,2.25,2:15,-45,-60,-0H 15M,-0.25,-1.25
2024,"Stewart, Brock",,592779,R,4-Seamer / Sinker,FF,4-Seamer,SI,Sinker,109,92,76,1.25,1:15,1.0,1:00,15,17,81,1.5,1:30,2.75,2:45,-75,-90,-0H 15M,-0.25,-1.75
2024,"Spiers, Carson",,686730,R,4-Seamer / Sinker,FF,4-Seamer,SI,Sinker,55,34,87,1.25,1:15,12.75,12:45,30,21,85,1.5,1:30,2.25,2:15,-45,-75,-0H 15M,-0.25,-1.5
2024,"Phillips, Evan",,623465,R,4-Seamer / Sinker,FF,4-Seamer,SI,Sinker,84,73,95,1.25,1:15,1.25,1:15,0,11,90,1.5,1:30,2.5,2:30,-60,-60,-0H 15M,-0.25,-1.25
2024,"Ortiz, Luis L.",,682847,R,4-Seamer / Sinker,FF,4-Seamer,SI,Sinker,189,63,86,1.75,1:45,1.5,1:30,15,126,80,1.5,1:30,2.75,2:45,-75,-90,+0H 15M,0.25,-1.25
2024,"Pinto, Ricardo",,620982,R,4-Seamer / Sinker,FF,4-Seamer,SI,Sinker,115,17,93,1.25,1:15,1.25,1:15,0,98,91,1.5,1:30,2.25,2:15,-45,-45,-0H 15M,-0.25,-1.0
2024,"Vieira, Thyago",,600986,R,4-Seamer / Sinker,FF,4-Seamer,SI,Sinker,263,28,99,1.25,1:15,1.25,1:15,0,235,98,1.5,1:30,1.75,1:45,-15,-15,-0H 15M,-0.25,-0.5
2024,"Almonte, Yency",,622075,R,4-Seamer / Sinker,FF,4-Seamer,SI,Sinker,120,30,90,1.5,1:30,1.25,1:15,15,90,91,1.5,1:30,2.5,2:30,-60,-75, 0H 00M,0.0,-1.25
2024,"Santana, Dennis",,642701,R,4-Seamer / Sinker,FF,4-Seamer,SI,Sinker,114,16,90,1.5,1:30,1.25,1:15,15,98,91,1.5,1:30,2.0,2:00,-30,-45, 0H 00M,0.0,-0.75
2024,"Berríos, José",,621244,R,4-Seamer / Sinker,FF,4-Seamer,SI,Sinker,409,119,91,1.25,1:15,1.0,1:00,15,290,98,1.5,1:30,2.0,2:00,-30,-45,-0H 15M,-0.25,-1.0
2024,"Priester, Quinn",,682990,R,4-Seamer / Sinker,FF,4-Seamer,SI,Sinker,208,70,80,1.25,1:15,1.0,1:00,15,138,79,1.5,1:30,2.5,2:30,-60,-75,-0H 15M,-0.25,-1.5
2024,"Muñoz, Roddery",,682610,R,4-Seamer / Sinker,FF,4-Seamer,SI,Sinker,121,59,85,1.5,1:30,1.25,1:15,15,62,80,1.5,1:30,2.5,2:30,-60,-75, 0H 00M,0.0,-1.25
2024,"Sánchez, Sixto",,664350,R,4-Seamer / Sinker,FF,4-Seamer,SI,Sinker,174,149,85,1.25,1:15,1.0,1:00,15,25,81,1.5,1:30,2.5,2:30,-60,-75,-0H 15M,-0.25,-1.5
2024,"Ramírez, Yohan",,670990,R,4-Seamer / Sinker,FF,4-Seamer,SI,Sinker,125,38,85,1.5,1:30,1.25,1:15,15,87,83,1.5,1:30,2.5,2:30,-60,-75, 0H 00M,0.0,-1.25
2024,"Palencia, Daniel",,694037,R,4-Seamer / Sinker,FF,4-Seamer,SI,Sinker,125,101,99,1.25,1:15,1.25,1:15,0,24,98,1.5,1:30,1.75,1:45,-15,-15,-0H 15M,-0.25,-0.5
2024,"Kerkering, Orion",,689147,R,4-Seamer / Sinker,FF,4-Seamer,SI,Sinker,91,79,98,1.5,1:30,1.25,1:15,15,12,90,1.5,1:30,2.25,2:15,-45,-60, 0H 00M,0.0,-1.0
2024,"Iglesias, Raisel",,628452,R,4-Seamer / Sinker,FF,4-Seamer,SI,Sinker,132,78,88,1.25,1:15,1.0,1:00,15,54,88,1.5,1:30,2.25,2:15,-45,-60,-0H 15M,-0.25,-1.25
2024,"Williams, Trevor",,592866,R,4-Seamer / Sinker,FF,4-Seamer,SI,Sinker,340,256,67,1.25,1:15,1.0,1:00,15,84,75,1.5,1:30,2.75,2:45,-75,-90,-0H 15M,-0.25,-1.75
2024,"Rodriguez, Grayson",,680570,R,4-Seamer / Sinker,FF,4-Seamer,SI,Sinker,294,284,99,1.25,1:15,1.25,1:15,0,10,99,1.5,1:30,1.75,1:45,-15,-15,-0H 15M,-0.25,-0.5
2024,"Strickland, Hunter",,519326,R,4-Seamer / Sinker,FF,4-Seamer,SI,Sinker,103,81,82,1.5,1:30,1.0,1:00,30,22,85,1.5,1:30,2.75,2:45,-75,-105, 0H 00M,0.0,-1.75
2024,"Kelly, Joe",,523260,R,4-Seamer / Sinker,FF,4-Seamer,SI,Sinker,120,54,96,1.75,1:45,1.5,1:30,15,66,93,1.75,1:45,2.5,2:30,-45,-60, 0H 00M,0.0,-1.0
2024,"Sands, Cole",,663485,R,4-Seamer / Sinker,FF,4-Seamer,SI,Sinker,104,71,93,1.5,1:30,1.5,1:30,0,33,89,1.75,1:45,2.25,2:15,-30,-30,-0H 15M,-0.25,-0.75
2024,"Webb, Logan",,657277,R,4-Seamer / Sinker,FF,4-Seamer,SI,Sinker,357,46,72,1.75,1:45,1.0,1:00,45,311,75,1.75,1:45,3.0,3:00,-75,-120, 0H 00M,0.0,-2.0
2024,"Farmer, Buck",,571656,R,4-Seamer / Sinker,FF,4-Seamer,SI,Sinker,163,79,90,1.5,1:30,1.5,1:30,0,84,88,1.75,1:45,2.5,2:30,-45,-45,-0H 15M,-0.25,-1.0
2024,"Foley, Jason",,671345,R,4-Seamer / Sinker,FF,4-Seamer,SI,Sinker,177,15,92,1.5,1:30,1.5,1:30,0,162,92,1.75,1:45,2.5,2:30,-45,-45,-0H 15M,-0.25,-1.0
2024,"Black, Mason",,696131,R,4-Seamer / Sinker,FF,4-Seamer,SI,Sinker,118,65,98,1.5,1:30,1.5,1:30,0,53,95,1.75,1:45,2.25,2:15,-30,-30,-0H 15M,-0.25,-0.75
2024,"Hoeing, Bryan",,663773,R,4-Seamer / Sinker,FF,4-Seamer,SI,Sinker,171,24,94,1.75,1:45,1.5,1:30,15,147,93,1.75,1:45,2.25,2:15,-30,-45, 0H 00M,0.0,-0.75
2024,"Jarvis, Bryce",,686826,R,4-Seamer / Sinker,FF,4-Seamer,SI,Sinker,165,132,91,1.25,1:15,1.0,1:00,15,33,93,1.75,1:45,2.25,2:15,-30,-45,-0H 30M,-0.5,-1.25
2024,"Antone, Tejay",,622088,R,4-Seamer / Sinker,FF,4-Seamer,SI,Sinker,28,16,73,1.5,1:30,1.25,1:15,15,12,68,1.75,1:45,2.75,2:45,-60,-75,-0H 15M,-0.25,-1.5
2024,"Hudson, Dakota",,641712,R,4-Seamer / Sinker,FF,4-Seamer,SI,Sinker,329,111,84,1.5,1:30,1.75,1:45,-15,218,85,1.75,1:45,2.5,2:30,-45,-30,-0H 15M,-0.25,-0.75
2024,"Weissert, Greg",,669711,R,4-Seamer / Sinker,FF,4-Seamer,SI,Sinker,179,80,77,1.5,1:30,1.25,1:15,15,99,78,1.75,1:45,2.75,2:45,-60,-75,-0H 15M,-0.25,-1.5
2024,"Cisnero, José",,542585,R,4-Seamer / Sinker,FF,4-Seamer,SI,Sinker,162,93,90,1.5,1:30,1.25,1:15,15,69,93,1.75,1:45,2.25,2:15,-30,-45,-0H 15M,-0.25,-1.0
2024,"Soriano, José",,667755,R,4-Seamer / Sinker,FF,4-Seamer,SI,Sinker,394,138,89,1.75,1:45,1.5,1:30,15,256,93,1.75,1:45,2.75,2:45,-60,-75, 0H 00M,0.0,-1.25
2024,"Ferguson, Tyler",,621053,R,4-Seamer / Sinker,FF,4-Seamer,SI,Sinker,92,57,79,1.5,1:30,1.25,1:15,15,35,80,1.75,1:45,2.5,2:30,-45,-60,-0H 15M,-0.25,-1.25
2024,"Hancock, Emerson",,676106,R,4-Seamer / Sinker,FF,4-Seamer,SI,Sinker,353,212,95,1.5,1:30,1.5,1:30,0,141,95,1.75,1:45,2.25,2:15,-30,-30,-0H 15M,-0.25,-0.75
2024,"Cannon, Jonathan",,686563,R,4-Seamer / Sinker,FF,4-Seamer,SI,Sinker,108,21,90,1.5,1:30,1.25,1:15,15,87,87,1.75,1:45,3.0,3:00,-75,-90,-0H 15M,-0.25,-1.75
2024,"Ryan, Ryder",,656924,R,4-Seamer / Sinker,FF,4-Seamer,SI,Sinker,136,33,94,1.75,1:45,1.5,1:30,15,103,93,2.0,2:00,2.5,2:30,-30,-45,-0H 15M,-0.25,-1.0
2024,"Beede, Tyler",,595881,R,4-Seamer / Sinker,FF,4-Seamer,SI,Sinker,98,78,98,1.75,1:45,2.0,2:00,-15,20,96,2.0,2:00,2.75,2:45,-45,-30,-0H 15M,-0.25,-0.75
2024,"Sandlin, Nick",,680704,R,4-Seamer / Sinker,FF,4-Seamer,SI,Sinker,128,90,85,2.0,2:00,1.75,1:45,15,38,84,2.0,2:00,2.75,2:45,-45,-60, 0H 00M,0.0,-1.0
2024,"Castillo, Luis",,622491,R,4-Seamer / Sinker,FF,4-Seamer,SI,Sinker,519,381,90,1.75,1:45,1.5,1:30,15,138,92,2.0,2:00,2.75,2:45,-45,-60,-0H 15M,-0.25,-1.25
2024,"Martinez, Seth",,661527,R,4-Seamer / Sinker,FF,4-Seamer,SI,Sinker,204,120,86,2.0,2:00,1.75,1:45,15,84,84,2.0,2:00,3.0,3:00,-60,-75, 0H 00M,0.0,-1.25
2024,"Muñoz, Andrés",,662253,R,4-Seamer / Sinker,FF,4-Seamer,SI,Sinker,162,71,93,1.75,1:45,1.75,1:45,0,91,93,2.0,2:00,2.75,2:45,-45,-45,-0H 15M,-0.25,-1.0
2024,"Morton, Charlie",,450203,R,4-Seamer / Sinker,FF,4-Seamer,SI,Sinker,289,239,90,2.0,2:00,1.75,1:45,15,50,92,2.0,2:00,2.75,2:45,-45,-60, 0H 00M,0.0,-1.0
2024,"Cuas, Jose",,621016,R,4-Seamer / Sinker,FF,4-Seamer,SI,Sinker,150,75,72,2.25,2:15,1.75,1:45,30,75,76,2.25,2:15,3.0,3:00,-45,-75, 0H 00M,0.0,-1.25
2024,"Scott, Tayler",,605463,R,4-Seamer / Sinker,FF,4-Seamer,SI,Sinker,174,136,97,2.0,2:00,2.0,2:00,0,38,98,2.25,2:15,2.5,2:30,-15,-15,-0H 15M,-0.25,-0.5
2024,"Roycroft, Chris",,688297,R,4-Seamer / Sinker,FF,4-Seamer,SI,Sinker,86,38,74,1.75,1:45,1.25,1:15,30,48,93,2.25,2:15,3.0,3:00,-45,-75,-0H 30M,-0.5,-1.75
2024,"Anderson, Grant",,681982,R,4-Seamer / Sinker,FF,4-Seamer,SI,Sinker,67,31,80,2.25,2:15,2.0,2:00,15,36,82,2.25,2:15,3.5,3:30,-75,-90, 0H 00M,0.0,-1.5
2024,"Schreiber, John",,670167,R,4-Seamer / Sinker,FF,4-Seamer,SI,Sinker,152,79,81,2.25,2:15,2.0,2:00,15,73,83,2.5,2:30,3.5,3:30,-60,-75,-0H 15M,-0.25,-1.5
2024,"Cimber, Adam",,643256,R,4-Seamer / Sinker,FF,4-Seamer,SI,Sinker,171,88,59,2.75,2:45,2.0,2:00,45,83,66,2.75,2:45,4.0,4:00,-75,-120, 0H 00M,0.0,-2.0
2024,"Thompson, Ryan",,657044,R,4-Seamer / Sinker,FF,4-Seamer,SI,Sinker,178,23,77,2.5,2:30,2.0,2:00,30,155,79,3.0,3:00,3.75,3:45,-45,-75,-0H 30M,-0.5,-1.75
2024,"Hill, Tim",,657612,L,4-Seamer / Sinker,FF,4-Seamer,SI,Sinker,244,81,95,9.25,9:15,9.25,9:15,0,163,90,9.25,9:15,8.25,8:15,60,60, 0H 00M,0.0,1.0
2024,"Milner, Hoby",,571948,L,4-Seamer / Sinker,FF,4-Seamer,SI,Sinker,157,46,93,9.5,9:30,9.75,9:45,-15,111,91,9.5,9:30,9.0,9:00,30,45, 0H 00M,0.0,0.75
2024,"Moll, Sam",,594580,L,4-Seamer / Sinker,FF,4-Seamer,SI,Sinker,68,35,75,10.25,10:15,10.75,10:45,-30,33,85,9.75,9:45,9.0,9:00,45,75,+0H 30M,0.5,1.75
2024,"Sale, Chris",,519242,L,4-Seamer / Sinker,FF,4-Seamer,SI,Sinker,397,328,95,9.75,9:45,10.0,10:00,-15,69,95,9.75,9:45,9.25,9:15,30,45, 0H 00M,0.0,0.75
2024,"Lodolo, Nick",,666157,L,4-Seamer / Sinker,FF,4-Seamer,SI,Sinker,290,260,99,10.0,10:00,10.0,10:00,0,30,98,9.75,9:45,9.5,9:30,15,15,+0H 15M,0.25,0.5
2024,"Yarbrough, Ryan",,642232,L,4-Seamer / Sinker,FF,4-Seamer,SI,Sinker,178,89,98,9.75,9:45,10.0,10:00,-15,89,98,9.75,9:45,9.25,9:15,30,45, 0H 00M,0.0,0.75
2024,"Snead, Kirby",,669912,L,4-Seamer / Sinker,FF,4-Seamer,SI,Sinker,42,12,95,10.0,10:00,10.25,10:15,-15,30,95,10.0,10:00,9.5,9:30,30,45, 0H 00M,0.0,0.75
2024,"Sears, JP",,676664,L,4-Seamer / Sinker,FF,4-Seamer,SI,Sinker,342,268,96,10.5,10:30,10.5,10:30,0,74,92,10.25,10:15,9.25,9:15,60,60,+0H 15M,0.25,1.25
2024,"Zerpa, Angel",,672582,L,4-Seamer / Sinker,FF,4-Seamer,SI,Sinker,172,80,91,10.5,10:30,10.5,10:30,0,92,85,10.25,10:15,9.25,9:15,60,60,+0H 15M,0.25,1.25
2024,"Romero, JoJo",,668941,L,4-Seamer / Sinker,FF,4-Seamer,SI,Sinker,173,51,87,10.25,10:15,10.75,10:45,-30,122,83,10.25,10:15,9.25,9:15,60,90, 0H 00M,0.0,1.5
2024,"Manaea, Sean",,640455,L,4-Seamer / Sinker,FF,4-Seamer,SI,Sinker,436,115,96,10.5,10:30,10.5,10:30,0,321,97,10.25,10:15,9.75,9:45,30,30,+0H 15M,0.25,0.75
2024,"Gasser, Robert",,688107,L,4-Seamer / Sinker,FF,4-Seamer,SI,Sinker,75,43,91,10.5,10:30,10.75,10:45,-15,32,84,10.25,10:15,9.75,9:45,30,45,+0H 15M,0.25,1.0
2024,"Rogers, Trevor",,669432,L,4-Seamer / Sinker,FF,4-Seamer,SI,Sinker,410,250,88,10.25,10:15,10.5,10:30,-15,160,87,10.25,10:15,9.5,9:30,45,60, 0H 00M,0.0,1.0
2024,"Peralta, Wandy",,593974,L,4-Seamer / Sinker,FF,4-Seamer,SI,Sinker,132,21,97,10.25,10:15,10.5,10:30,-15,111,97,10.25,10:15,10.0,10:00,15,30, 0H 00M,0.0,0.5
2024,"Anderson, Tyler",,542881,L,4-Seamer / Sinker,FF,4-Seamer,SI,Sinker,386,348,98,11.5,11:30,11.5,11:30,0,38,93,10.25,10:15,9.75,9:45,30,30,+1H 15M,1.25,1.75
2024,"Puk, A.J.",,640462,L,4-Seamer / Sinker,FF,4-Seamer,SI,Sinker,195,125,84,10.5,10:30,11.0,11:00,-30,70,86,10.5,10:30,9.75,9:45,45,75, 0H 00M,0.0,1.25
2024,"Jay, Tyler",,664079,L,4-Seamer / Sinker,FF,4-Seamer,SI,Sinker,30,12,96,10.5,10:30,10.5,10:30,0,18,94,10.5,10:30,10.0,10:00,30,30, 0H 00M,0.0,0.5
2024,"Irvin, Cole",,608344,L,4-Seamer / Sinker,FF,4-Seamer,SI,Sinker,252,155,98,10.5,10:30,10.5,10:30,0,97,97,10.5,10:30,10.0,10:00,30,30, 0H 00M,0.0,0.5
2024,"Herrin, Tim",,682120,L,4-Seamer / Sinker,FF,4-Seamer,SI,Sinker,109,75,75,10.5,10:30,10.75,10:45,-15,34,71,10.5,10:30,9.25,9:15,75,90, 0H 00M,0.0,1.5
2024,"Speier, Gabe",,642100,L,4-Seamer / Sinker,FF,4-Seamer,SI,Sinker,161,77,92,10.5,10:30,10.75,10:45,-15,84,93,10.5,10:30,9.75,9:45,45,60, 0H 00M,0.0,1.0
2024,"Allen, Logan",,663531,L,4-Seamer / Sinker,FF,4-Seamer,SI,Sinker,96,38,98,10.75,10:45,11.0,11:00,-15,58,97,10.5,10:30,10.0,10:00,30,45,+0H 15M,0.25,1.0
2024,"Strahm, Matt",,621381,L,4-Seamer / Sinker,FF,4-Seamer,SI,Sinker,195,154,97,10.5,10:30,10.5,10:30,0,41,97,10.5,10:30,10.0,10:00,30,30, 0H 00M,0.0,0.5
2024,"Soto, Gregory",,642397,L,4-Seamer / Sinker,FF,4-Seamer,SI,Sinker,156,22,93,10.5,10:30,10.5,10:30,0,134,93,10.5,10:30,9.75,9:45,45,45, 0H 00M,0.0,0.75
2024,"Paxton, James",,572020,L,4-Seamer / Sinker,FF,4-Seamer,SI,Sinker,467,457,96,10.5,10:30,10.75,10:45,-15,10,95,10.5,10:30,9.75,9:45,45,60, 0H 00M,0.0,1.0
2024,"Cosgrove, Tom",,676680,L,4-Seamer / Sinker,FF,4-Seamer,SI,Sinker,108,53,56,10.5,10:30,11.0,11:00,-30,55,60,10.5,10:30,9.25,9:15,75,105, 0H 00M,0.0,1.75
2024,"Freeland, Kyle",,607536,L,4-Seamer / Sinker,FF,4-Seamer,SI,Sinker,153,85,83,10.75,10:45,11.0,11:00,-15,68,78,10.5,10:30,9.5,9:30,60,75,+0H 15M,0.25,1.5
2024,"Weathers, Ryan",,677960,L,4-Seamer / Sinker,FF,4-Seamer,SI,Sinker,496,399,96,10.5,10:30,10.5,10:30,0,97,96,10.5,10:30,9.75,9:45,45,45, 0H 00M,0.0,0.75
2024,"Hughes, Brandon",,676714,L,4-Seamer / Sinker,FF,4-Seamer,SI,Sinker,41,23,91,10.5,10:30,10.75,10:45,-15,18,86,10.5,10:30,9.75,9:45,45,60, 0H 00M,0.0,1.0
2024,"Luzardo, Jesús",,666200,L,4-Seamer / Sinker,FF,4-Seamer,SI,Sinker,308,267,98,10.5,10:30,10.5,10:30,0,41,98,10.5,10:30,10.0,10:00,30,30, 0H 00M,0.0,0.5
2024,"Gonzales, Marco",,594835,L,4-Seamer / Sinker,FF,4-Seamer,SI,Sinker,112,64,99,10.5,10:30,10.75,10:45,-15,48,99,10.5,10:30,10.0,10:00,30,45, 0H 00M,0.0,0.75
2024,"Pérez, Martín",,527048,L,4-Seamer / Sinker,FF,4-Seamer,SI,Sinker,311,27,99,10.5,10:30,10.5,10:30,0,284,98,10.5,10:30,10.0,10:00,30,30, 0H 00M,0.0,0.5
2024,"Garrett, Braxton",,666129,L,4-Seamer / Sinker,FF,4-Seamer,SI,Sinker,76,10,87,10.75,10:45,11.0,11:00,-15,66,81,10.5,10:30,9.75,9:45,45,60,+0H 15M,0.25,1.25
2024,"Lovelady, Richard",,663992,L,4-Seamer / Sinker,FF,4-Seamer,SI,Sinker,53,17,74,10.5,10:30,10.75,10:45,-15,36,75,10.5,10:30,9.5,9:30,60,75, 0H 00M,0.0,1.25
2024,"Henry, Tommy",,674072,L,4-Seamer / Sinker,FF,4-Seamer,SI,Sinker,251,142,92,10.75,10:45,11.0,11:00,-15,109,93,10.75,10:45,10.25,10:15,30,45, 0H 00M,0.0,0.75
2024,"Wicks, Jordan",,696136,L,4-Seamer / Sinker,FF,4-Seamer,SI,Sinker,257,194,88,11.25,11:15,11.5,11:30,-15,63,95,10.75,10:45,10.25,10:15,30,45,+0H 30M,0.5,1.25
2024,"Okert, Steven",,595345,L,4-Seamer / Sinker,FF,4-Seamer,SI,Sinker,77,61,89,10.75,10:45,11.0,11:00,-15,16,85,10.75,10:45,10.0,10:00,45,60, 0H 00M,0.0,1.0
2024,"Skubal, Tarik",,669373,L,4-Seamer / Sinker,FF,4-Seamer,SI,Sinker,398,222,97,10.75,10:45,11.0,11:00,-15,176,94,10.75,10:45,10.25,10:15,30,45, 0H 00M,0.0,0.75
2024,"Holton, Tyler",,663947,L,4-Seamer / Sinker,FF,4-Seamer,SI,Sinker,109,45,86,10.75,10:45,11.25,11:15,-30,64,82,10.75,10:45,10.0,10:00,45,75, 0H 00M,0.0,1.25
2024,"Chafin, Andrew",,605177,L,4-Seamer / Sinker,FF,4-Seamer,SI,Sinker,117,24,95,10.75,10:45,11.0,11:00,-15,93,94,10.75,10:45,10.25,10:15,30,45, 0H 00M,0.0,0.75
2024,"Ferguson, Caleb",,657571,L,4-Seamer / Sinker,FF,4-Seamer,SI,Sinker,199,174,91,10.75,10:45,11.0,11:00,-15,25,88,10.75,10:45,10.0,10:00,45,60, 0H 00M,0.0,1.0
2024,"Suárez, Ranger",,624133,L,4-Seamer / Sinker,FF,4-Seamer,SI,Sinker,403,158,79,10.5,10:30,11.0,11:00,-30,245,72,10.75,10:45,9.5,9:30,75,105,-0H 15M,-0.25,1.5
2024,"Lynch IV, Daniel",,663738,L,4-Seamer / Sinker,FF,4-Seamer,SI,Sinker,55,44,95,10.75,10:45,11.0,11:00,-15,11,87,10.75,10:45,10.0,10:00,45,60, 0H 00M,0.0,1.0
2024,"Alexander, Tyler",,641302,L,4-Seamer / Sinker,FF,4-Seamer,SI,Sinker,247,171,91,11.0,11:00,11.0,11:00,0,76,91,10.75,10:45,10.0,10:00,45,45,+0H 15M,0.25,1.0
2024,"Cabrera, Génesis",,650893,L,4-Seamer / Sinker,FF,4-Seamer,SI,Sinker,120,66,96,10.75,10:45,11.0,11:00,-15,54,97,10.75,10:45,10.25,10:15,30,45, 0H 00M,0.0,0.75
2024,"Cleavinger, Garrett",,664076,L,4-Seamer / Sinker,FF,4-Seamer,SI,Sinker,125,88,88,10.75,10:45,11.0,11:00,-15,37,83,10.75,10:45,10.0,10:00,45,60, 0H 00M,0.0,1.0
2024,"Walker, Josh",,677020,L,4-Seamer / Sinker,FF,4-Seamer,SI,Sinker,71,37,86,11.25,11:15,11.75,11:45,-30,34,84,11.0,11:00,10.0,10:00,60,90,+0H 15M,0.25,1.75
2024,"Suarez, José",,660761,L,4-Seamer / Sinker,FF,4-Seamer,SI,Sinker,232,176,92,10.75,10:45,11.0,11:00,-15,56,92,11.0,11:00,10.25,10:15,45,60,-0H 15M,-0.25,0.75
2024,"Banks, Tanner",,621383,L,4-Seamer / Sinker,FF,4-Seamer,SI,Sinker,102,83,85,11.25,11:15,11.5,11:30,-15,19,80,11.0,11:00,10.0,10:00,60,75,+0H 15M,0.25,1.5
2024,"Pérez, Cionel",,672335,L,4-Seamer / Sinker,FF,4-Seamer,SI,Sinker,97,30,88,10.75,10:45,11.0,11:00,-15,67,85,11.0,11:00,9.75,9:45,75,90,-0H 15M,-0.25,1.25
2024,"Morejon, Adrian",,670970,L,4-Seamer / Sinker,FF,4-Seamer,SI,Sinker,135,79,90,11.0,11:00,11.25,11:15,-15,56,85,11.0,11:00,10.0,10:00,60,75, 0H 00M,0.0,1.25
2024,"Corbin, Patrick",,571578,L,4-Seamer / Sinker,FF,4-Seamer,SI,Sinker,385,96,81,11.0,11:00,10.75,10:45,15,289,82,11.0,11:00,10.0,10:00,60,45, 0H 00M,0.0,0.75
2024,"Sandoval, Patrick",,663776,L,4-Seamer / Sinker,FF,4-Seamer,SI,Sinker,307,153,94,11.0,11:00,11.0,11:00,0,154,94,11.0,11:00,10.5,10:30,30,30, 0H 00M,0.0,0.5
2024,"Montgomery, Jordan",,656756,L,4-Seamer / Sinker,FF,4-Seamer,SI,Sinker,247,68,81,10.75,10:45,11.25,11:15,-30,179,86,11.0,11:00,10.0,10:00,60,90,-0H 15M,-0.25,1.25
2024,"Liberatore, Matthew",,669461,L,4-Seamer / Sinker,FF,4-Seamer,SI,Sinker,188,104,95,11.0,11:00,11.25,11:15,-15,84,91,11.0,11:00,10.5,10:30,30,45, 0H 00M,0.0,0.75
2024,"Fried, Max",,608331,L,4-Seamer / Sinker,FF,4-Seamer,SI,Sinker,383,254,66,11.5,11:30,12.25,12:15,-45,129,68,11.25,11:15,10.0,10:00,75,120,+0H 15M,0.25,2.25
2024,"Miley, Wade",,489119,L,4-Seamer / Sinker,FF,4-Seamer,SI,Sinker,42,24,86,11.25,11:15,11.5,11:30,-15,18,86,11.25,11:15,10.25,10:15,60,75, 0H 00M,0.0,1.25
2024,"Quintana, Jose",,500779,L,4-Seamer / Sinker,FF,4-Seamer,SI,Sinker,435,190,83,11.25,11:15,11.75,11:45,-30,245,82,11.25,11:15,10.5,10:30,45,75, 0H 00M,0.0,1.25
2024,"Steele, Justin",,657006,L,4-Seamer / Sinker,FF,4-Seamer,SI,Sinker,198,184,66,11.25,11:15,12.0,12:00,-45,14,77,11.25,11:15,10.25,10:15,60,105, 0H 00M,0.0,1.75
2024,"Suter, Brent",,608718,L,4-Seamer / Sinker,FF,4-Seamer,SI,Sinker,268,177,70,12.0,12:00,12.75,12:45,-45,91,86,11.5,11:30,10.75,10:45,45,90,+0H 30M,0.5,2.0
2024,"Chapman, Aroldis",,547973,L,4-Seamer / Sinker,FF,4-Seamer,SI,Sinker,200,128,88,11.25,11:15,11.5,11:30,-15,72,87,11.5,11:30,10.5,10:30,60,75,-0H 15M,-0.25,1.0
2024,"Mushinski, Parker",,656786,L,4-Seamer / Sinker,FF,4-Seamer,SI,Sinker,32,22,71,11.5,11:30,11.75,11:45,-15,10,66,11.5,11:30,10.5,10:30,60,75, 0H 00M,0.0,1.25
2024,"Falter, Bailey",,663559,L,4-Seamer / Sinker,FF,4-Seamer,SI,Sinker,438,344,96,11.75,11:45,11.75,11:45,0,94,96,11.75,11:45,11.0,11:00,45,45, 0H 00M,0.0,0.75
2024,"Coulombe, Danny",,543056,L,4-Seamer / Sinker,FF,4-Seamer,SI,Sinker,46,21,67,11.75,11:45,12.0,12:00,-15,25,63,11.75,11:45,10.75,10:45,60,75, 0H 00M,0.0,1.25
2024,"Bradish, Kyle",,680694,R,4-Seamer / Sinker,FF,4-Seamer,SI,Sinker,130,26,70,12.0,12:00,11.5,11:30,30,104,76,12.25,12:15,1.5,1:30,-75,-105,-0H 15M,-0.25,-2.0
2024,"Glasnow, Tyler",,607192,R,4-Seamer / Sinker,FF,4-Seamer,SI,Sinker,480,453,74,12.25,12:15,12.0,12:00,15,27,76,12.25,12:15,1.25,1:15,-60,-75, 0H 00M,0.0,-1.25
2024,"Pallante, Andre",,669467,R,4-Seamer / Sinker,FF,4-Seamer,SI,Sinker,148,109,73,12.0,12:00,12.25,12:15,-15,39,89,12.25,12:15,1.25,1:15,-60,-45,-0H 15M,-0.25,-1.0
2024,"Pressly, Ryan",,519151,R,4-Seamer / Sinker,FF,4-Seamer,SI,Sinker,91,79,75,12.5,12:30,12.0,12:00,30,12,71,12.5,12:30,1.25,1:15,-45,-75, 0H 00M,0.0,-1.25
2024,"Staumont, Josh",,622251,R,4-Seamer / Sinker,FF,4-Seamer,SI,Sinker,24,12,92,12.5,12:30,12.5,12:30,0,12,87,12.5,12:30,1.25,1:15,-45,-45, 0H 00M,0.0,-0.75
2024,"Law, Derek",,571882,R,4-Seamer / Sinker,FF,4-Seamer,SI,Sinker,120,65,95,12.75,12:45,12.5,12:30,15,55,87,12.75,12:45,1.75,1:45,-60,-75, 0H 00M,0.0,-1.25
2024,"Gray, Sonny",,543243,R,4-Seamer / Sinker,FF,4-Seamer,SI,Sinker,263,160,66,12.5,12:30,12.0,12:00,30,103,64,12.75,12:45,1.75,1:45,-60,-90,-0H 15M,-0.25,-1.75
2024,"Elder, Bryce",,693821,R,4-Seamer / Sinker,FF,4-Seamer,SI,Sinker,255,61,86,12.75,12:45,12.5,12:30,15,194,81,12.75,12:45,1.75,1:45,-60,-75, 0H 00M,0.0,-1.25
2024,"White, Mitch",,669952,R,4-Seamer / Sinker,FF,4-Seamer,SI,Sinker,200,152,77,12.75,12:45,12.5,12:30,15,48,71,12.75,12:45,1.75,1:45,-60,-75, 0H 00M,0.0,-1.25
2024,"Avila, Pedro",,658648,R,4-Seamer / Sinker,FF,4-Seamer,SI,Sinker,184,130,73,12.75,12:45,12.5,12:30,15,54,72,12.75,12:45,2.0,2:00,-75,-90, 0H 00M,0.0,-1.5
2024,"Brieske, Beau",,689225,R,4-Seamer / Sinker,FF,4-Seamer,SI,Sinker,39,23,89,12.5,12:30,12.5,12:30,0,16,88,12.75,12:45,1.5,1:30,-45,-45,-0H 15M,-0.25,-1.0
2024,"Brown, Hunter",,686613,R,4-Seamer / Sinker,FF,4-Seamer,SI,Sinker,359,325,90,12.5,12:30,12.25,12:15,15,34,88,12.75,12:45,1.5,1:30,-45,-60,-0H 15M,-0.25,-1.25
2024,"Musgrove, Joe",,605397,R,4-Seamer / Sinker,FF,4-Seamer,SI,Sinker,178,144,67,1.0,1:00,12.75,12:45,15,34,66,12.75,12:45,2.25,2:15,-90,-105,+0H 15M,0.25,-1.5
2024,"Pruitt, Austin",,643493,R,4-Seamer / Sinker,FF,4-Seamer,SI,Sinker,33,21,77,12.75,12:45,12.5,12:30,15,12,75,12.75,12:45,1.75,1:45,-60,-75, 0H 00M,0.0,-1.25
2024,"Flaherty, Jack",,656427,R,4-Seamer / Sinker,FF,4-Seamer,SI,Sinker,352,334,79,12.75,12:45,12.5,12:30,15,18,72,12.75,12:45,2.0,2:00,-75,-90, 0H 00M,0.0,-1.5
2024,"Leclerc, José",,600917,R,4-Seamer / Sinker,FF,4-Seamer,SI,Sinker,157,140,77,12.75,12:45,12.25,12:15,30,17,77,12.75,12:45,1.75,1:45,-60,-90, 0H 00M,0.0,-1.5
2024,"Martinez, Nick",,607259,R,4-Seamer / Sinker,FF,4-Seamer,SI,Sinker,212,120,89,12.75,12:45,12.5,12:30,15,92,86,12.75,12:45,1.5,1:30,-45,-60, 0H 00M,0.0,-1.0
2024,"Blackburn, Paul",,621112,R,4-Seamer / Sinker,FF,4-Seamer,SI,Sinker,229,157,90,12.75,12:45,12.5,12:30,15,72,84,12.75,12:45,1.75,1:45,-60,-75, 0H 00M,0.0,-1.25
2024,"Thornton, Trent",,663423,R,4-Seamer / Sinker,FF,4-Seamer,SI,Sinker,75,44,73,12.75,12:45,12.5,12:30,15,31,71,12.75,12:45,2.0,2:00,-75,-90, 0H 00M,0.0,-1.5
2024,"Taillon, Jameson",,592791,R,4-Seamer / Sinker,FF,4-Seamer,SI,Sinker,210,192,91,12.75,12:45,12.75,12:45,0,18,92,12.75,12:45,1.5,1:30,-45,-45, 0H 00M,0.0,-0.75
2024,"Rodríguez, Randy",,678495,R,4-Seamer / Sinker,FF,4-Seamer,SI,Sinker,113,94,88,12.75,12:45,12.75,12:45,0,19,84,12.75,12:45,1.75,1:45,-60,-60, 0H 00M,0.0,-1.0
